{
  "theme": {
    "name": "FoldableTheme",
    "styles": [
      "default",
      "black",
      "green",
      "cyan"
    ],
    "version": "1.1"
  },
  "title": "3D平台V1.0",
  "subtitle": "",
  "logo": "images/logo.png"
  ,
  "widgetOnScreen": {
    "widgets": [
      {
        "uri": "themes/TabTheme2/widgets/SidebarController/Widget",
        "positionRelativeTo": "map",
        "position":{"left":0,"top":0,"bottom":0},

        "version": "1.1",
        "id": "themes/TabTheme2/widgets/SidebarController/Widget_23",
        "name": "SidebarController",
        "label": "侧边栏控制器"
      },
      {
        "uri": "themes/FoldableTheme/widgets/HeaderController/Widget",
        "positionRelativeTo": "browser",
        "position": {
          "left": 0,
          "top": 0,
          "right": 0,
          "height": 40
        },
        "version": "1.1",
        "id": "themes/FoldableTheme/widgets/HeaderController/Widget_1",
        "name": "HeaderController",
        "label": "页眉控制器"
      },
      {
        "uri": "widgets/MapLegend/Widget",
        "position": {
          "left": 375,
          "top": "auto",
          "right":"auto",
          "bottom":25,
          "width":260,
          "height":240
        },
        "id": "widgets/MapLegend/Widget_8",
        "positionRelativeTo": "map",
        "name": "MapLegend",
        "label": "MapLegend"
      },
      {
        "uri":"widgets/MapSwitch/Widget",
        "positionRelativeTo":"map",
        "position":{"top":10,"width":40,"height":40,"right":315},
        "version":"1.1",
        "id":"widgets/MapSwitch/Widget_29",
        "name":"MapSwitch",
        "label":"MapSwitch"
      }
    ],
    "panel": {
      "uri": "jimu/PreloadWidgetIconPanel",
      "positionRelativeTo": "map"
    }
  },
  "map": {
    "3D":false ,
    "2D": true,
    "position": {
      "left": 0,
      "top": 40,
      "right": 0,
      "bottom": 0
    },
    "basemaps": [
      {
        "label": "google",
        "type":"tiled"
      }
    ],
    "itemId": "",

    "mapOptions": {
      "extent": {
        "xmin": 86.06689524994869,
        "ymin": 22.108857182532834,
        "xmax": 124.9584857499487,
        "ymax":48.08052948253283,
        "spatialReference": {
          "wkid": 4326
        }
      },
      "logo": false,
      "timeline": false
    },
    "id": "map"
  },
  "widgetPool": {
    "panel": {
      "uri": "themes/FoldableTheme/panels/FoldablePanel/Panel",
      "positionRelativeTo": "map",
      "position": {
        "top": 5,
        "right": 5,
        "bottom": 5
      }
    },
    "widgets": [
      {
        "name": "Bookmark",
        "label": "书签",
        "version": "1.1",
        "uri": "widgets/Bookmark/Widget",
        "index": 5,
        "id": "widgets/Bookmark/Widget_15",
        "openAtStart":false
      },
      {
        "name": "reallayer",
        "label": "实时水雨情",
        "version": "1.1",
        "uri": "widgets/RealtimeLayer/Widget",
        "index": 6,
        "id": "widgets/RealtimeLayer/Widget_16",
        "openAtStart":false
      },
      {
        "name": "test",
        "label": "test",
        "version": "1.1",
        "uri": "widgets/Realsq/Widget",
        "index": 7,
        "id": "widgets/Realsq/Widget_17",
        "openAtStart":false
      }
    ],
    "groups": [],
    "tabWidgets":[
      {
        "name": "About",
        "label": "关于",
        "version": "1.1",
        "uri": "widgets/About/Widget",
        "id": "widgets/About/Widget"
      }
    ]
  },
  "wabVersion": "1.1",
  "isWebTier": false,
  "httpProxy": {
    "useProxy": true,
    "alwaysUseProxy": false,
    "url": "",
    "rules": []
  },
  "appId": ""
}