{
  "theme": {
    "name": "FoldableTheme",
    "styles": [
      "default",
      "black",
      "green",
      "cyan"
    ],
    "version": "1.1"
  },
  "title": "3D平台V1.0",
  "subtitle": "",
  "logo": "images/logo.png"
  ,
  "widgetOnScreen": {
    "widgets": [
      {
        "uri": "themes/TabTheme2/widgets/SidebarController/Widget",
        "positionRelativeTo": "map",
        "position":{"left":0,"top":0,"bottom":0},

        "version": "1.1",
        "id": "themes/TabTheme2/widgets/SidebarController/Widget_23",
        "name": "SidebarController",
        "label": "侧边栏控制器"
      },
      {
        "uri": "themes/FoldableTheme/widgets/HeaderController/Widget",
        "positionRelativeTo": "browser",
        "position": {
          "left": 0,
          "top": 0,
          "right": 0,
          "height": 40
        },
        "version": "1.1",
        "id": "themes/FoldableTheme/widgets/HeaderController/Widget_1",
        "name": "HeaderController",
        "label": "页眉控制器"
      },

      {
        "uri":"widgets/MapSwitch/Widget",
        "positionRelativeTo":"map",
        "position":{"top":10,"width":40,"height":40,"right":367},
        "version":"1.1",
        "id":"widgets/MapSwitch/Widget_29",
        "name":"MapSwitch",
        "label":"MapSwitch"
      }
    ],
    "panel": {
      "uri": "jimu/PreloadWidgetIconPanel",
      "positionRelativeTo": "map"
    }
  },
  "map": {
    "3D":false ,
    "2D": true,
    "position": {
      "left": 0,
      "top": 40,
      "right": 0,
      "bottom": 0
    },
    "basemaps": [
      {
        "label": "google",
        "type":"tiled"
      }
    ],
    "ordosqserverlayers":[
      {
        "layername":"大型淤地坝",
        "layerid":"DXyudiba_point"
      },
      {
        "layername":"骨干坝",
        "layerid":"Guganba_point"
      },
      {
        "layername":"中型淤地坝",
        "layerid":"Zhongxingba_point"
      },
      {
        "layername":"小型坝",
        "layerid":"Xiaoxingba_point"
      },
      {
        "layername":"准格尔沙棘",
        "layerid":"ZhunGeErShaJiQu_polygon"
      }

    ],
    "ordosgeojsonLayers":[
      {
        "layerurl":"Layerdata/DXyudiba_point.geojson",
        "layerid":"DianXingYdb",
        "layername":"典型淤地坝",
        "layericon":"Layerdata/LayerIcon/default.png"
      },
      {
        "layerurl":"Layerdata/Guganba_point.geojson",
        "layerid":"GuGanYdb",
        "layername":"骨干淤地坝",
        "layericon":"Layerdata/LayerIcon/default.png"
      },
      {
        "layerurl":"Layerdata/Zhongxingba_point.geojson",
        "layerid":"ZhongXingYda",
        "layername":"中型淤地坝",
        "layericon":"Layerdata/LayerIcon/default.png"
      },
      {
        "layerurl":"Layerdata/Xiaoxingba_point.geojson",
        "layerid":"XiaoXingYdb",
        "layername":"小型淤地坝",
        "layericon":"Layerdata/LayerIcon/default.png"
      }


    ],
    "itemId": "",

    "mapOptions": {
      "extent": {
        "xmin": 103.67,
        "ymin": 36.2,
        "xmax": 114.096,
        "ymax":41.723,
        "spatialReference": {
          "wkid": 4326
        }
      },
      "logo": false,
      "timeline": false
    },
    "id": "map"
  },
  "widgetPool": {
    "panel": {
      "uri": "themes/FoldableTheme/panels/FoldablePanel/Panel",
      "positionRelativeTo": "map",
      "position": {
        "top": 5,
        "right": 5,
        "bottom": 5
      }
    },
    "widgets": [
      {
        "name": "Bookmark",
        "label": "书签",
        "version": "1.1",
        "uri": "widgets/Bookmark/Widget",
        "index": 5,
        "id": "widgets/Bookmark/Widget_15",
        "openAtStart":false
      },

      {
        "name": "reallayer",
        "label": "实时水雨情",
        "version": "1.1",
        "uri": "widgets/RealtimeLayer/Widget",
        "index": 6,
        "id": "widgets/RealtimeLayer/Widget_16",
        "openAtStart":false
      },
      {
        "name": "LayerControl",
        "label": "图层控制",
        "version": "1.1",
        "uri": "widgets/LayerControl/Widget",
        "index": 7,
        "id": "widgets/LayerControl/Widget_17",
        "openAtStart":false
      }


    ],
    "groups": [],
    "tabWidgets":[
      {
        "name": "About",
        "label": "关于",
        "version": "1.1",
        "uri": "widgets/About/Widget",
        "id": "widgets/About/Widget"
      }
    ]
  },
  "wabVersion": "1.1",
  "isWebTier": false,
  "httpProxy": {
    "useProxy": true,
    "alwaysUseProxy": false,
    "url": "",
    "rules": []
  },
  "appId": ""
}